{
    "AWSTemplateFormatVersion": "2010-09-09", 
    "Description": "LoadCore CloudFormation", 
    "Mappings": {
        "RegionMap": {
            "us-east-1": {
                "AMIAgent": "ami-00598c6036a97b5b1", 
                "AMILoadCore": "ami-02dbc0f6207f80687"
            },
            "us-east-2": {
                "AMIAgent": "ami-0fed143756237a7d2", 
                "AMILoadCore": "ami-070f5f06dab280f23"
            },
            "us-west-2": {
                "AMIAgent": "ami-0a397819725a74b6b", 
                "AMILoadCore": "ami-01515ad9a84beb5ff"
            }
        },
        "VariableMap": {
            "global": {
                "MgmtAgentInterfaceName": "eth0",
                "TestAgentInterfaceName": "eth1",
                "InstanceShutdownBehavior": "stop", 
                "InstanceBlockDeviceName": "/dev/sda1", 
                "InstanceEbsDeleteOnTermination": "true", 
                "InstanceEbsVolumeType": "gp2", 
                "LoadCoreVersion": "LoadCore2.1"
            }
        }
    },
    
    "Resources": {
        "ClusterMgmtNet": {
            "Type": "AWS::EC2::NetworkInterface", 
            "Properties": {
                "SubnetId": {
                    "Ref": "MgmtSubnet"
                }, 
                "GroupSet": [
                    {
                        "Ref": "SecurityGroupForMgmt"
                    }
                ],
                "Tags": [
                    {
                        "Key": "Owner", 
                        "Value": {
                            "Ref": "UserEmail"
                        }
                    }
                ]
            }
        },
        "Agent1MgmtNet": {
            "Type": "AWS::EC2::NetworkInterface", 
            "Properties": {
                "SubnetId": {
                    "Ref": "MgmtSubnet"
                }, 
                "GroupSet": [
                    {
                        "Ref": "SecurityGroupForMgmt"
                    }
                ],
                "Tags": [
                    {
                        "Key": "Owner", 
                        "Value": {
                            "Ref": "UserEmail"
                        }
                    }
                ]
            }
        },
        "Agent2MgmtNet": {
            "Type": "AWS::EC2::NetworkInterface", 
            "Properties": {
                "SubnetId": {
                    "Ref": "MgmtSubnet"
                }, 
                "GroupSet": [
                    {
                        "Ref": "SecurityGroupForMgmt"
                    }
                ],
                "Tags": [
                    {
                        "Key": "Owner", 
                        "Value": {
                            "Ref": "UserEmail"
                        }
                    }
                ]
            }
        },
        "Agent1TestNet": {
            "Type": "AWS::EC2::NetworkInterface", 
            "Properties": {
                "SubnetId": {
                    "Ref": "TestSubnet"
                }, 
                "GroupSet": [
                    {
                        "Ref": "SecurityGroupForTest"
                    }
                ],
                "Tags": [
                    {
                        "Key": "Owner", 
                        "Value": {
                            "Ref": "UserEmail"
                        }
                    }
                ],
                "SecondaryPrivateIpAddressCount": 10
            }
        },
        "Agent2TestNet": {
            "Type": "AWS::EC2::NetworkInterface", 
            "Properties": {
                "SubnetId": {
                    "Ref": "TestSubnet"
                }, 
                "GroupSet": [
                    {
                        "Ref": "SecurityGroupForTest"
                    }
                ],
                "Tags": [
                    {
                        "Key": "Owner", 
                        "Value": {
                            "Ref": "UserEmail"
                        }
                    }
                ],
                "SecondaryPrivateIpAddressCount": 10
            }
        },
        "ClusterDeployment": {
            "Type": "AWS::EC2::Instance", 
            "Properties": {
                "KeyName": {
                    "Ref": "KeyPair"
                },
                "ImageId": {
                    "Fn::FindInMap": [
                        "RegionMap", 
                        {
                            "Ref": "AWS::Region"
                        }, 
                        "AMILoadCore"
                    ]
                }, 
                "InstanceType": {
                    "Ref": "ClusterInstanceType"
                }, 
                "NetworkInterfaces": [
                    {
                        "NetworkInterfaceId": {
                            "Ref": "ClusterMgmtNet"
                        }, 
                        "DeviceIndex": "0"
                    }
                ], 
                "BlockDeviceMappings": [
                    {
                        "DeviceName": {
                            "Fn::FindInMap": [
                                "VariableMap", 
                                "global", 
                                "InstanceBlockDeviceName"
                            ]
                        }, 
                        "Ebs": {
                            "DeleteOnTermination": {
                                "Fn::FindInMap": [
                                    "VariableMap", 
                                    "global", 
                                    "InstanceEbsDeleteOnTermination"
                                ]
                            }, 
                            "VolumeType": {
                                "Fn::FindInMap": [
                                    "VariableMap", 
                                    "global", 
                                    "InstanceEbsVolumeType"
                                ]
                            }
                        }
                    }
                ],
                "Tags" : [
                    {"Key" : "Name", "Value" : {
                        "Fn::Join": [
                            "-", 
                            [
                                {
                                    "Fn::FindInMap": [
                                        "VariableMap", 
                                        "global", 
                                        "LoadCoreVersion"
                                    ]
                                },
                                "MW"
                            ]
                        ] }},
                    {"Key": "Owner", "Value": {"Ref": "UserEmail"}}
                    ]
            }
        },
        "ClusterMgmtElasticIp": {
            "Type": "AWS::EC2::EIP",
            "Properties": {
                "Domain": "vpc"
            }
        },
        "ClusterMgmtElasticIpAssociation": {
            "Type": "AWS::EC2::EIPAssociation", 
            "Properties": {
                "AllocationId": {
                    "Fn::GetAtt": [
                        "ClusterMgmtElasticIp", 
                        "AllocationId"
                    ]
                }, 
                "NetworkInterfaceId": {
                    "Ref": "ClusterMgmtNet"
                }
            },
            "DependsOn" : "ClusterDeployment"
        },
        "Agent1Deployment": {
            "Type": "AWS::EC2::Instance", 
            "Properties": {
                "KeyName": {
                    "Ref": "KeyPair"
                },
                "ImageId": {
                    "Fn::FindInMap": [
                        "RegionMap", 
                        {
                            "Ref": "AWS::Region"
                        }, 
                        "AMIAgent"
                    ]
                }, 
                "InstanceType": {
                    "Ref": "AgentsInstanceType"
                }, 
                "NetworkInterfaces": [
                    {
                        "NetworkInterfaceId": {
                            "Ref": "Agent1MgmtNet"
                        }, 
                        "DeviceIndex": "0"
                    },
                    {
                        "NetworkInterfaceId": {
                            "Ref": "Agent1TestNet"
                        }, 
                        "DeviceIndex": "1"
                    }
                ], 
                "BlockDeviceMappings": [
                    {
                        "DeviceName": {
                            "Fn::FindInMap": [
                                "VariableMap", 
                                "global", 
                                "InstanceBlockDeviceName"
                            ]
                        }, 
                        "Ebs": {
                            "DeleteOnTermination": {
                                "Fn::FindInMap": [
                                    "VariableMap", 
                                    "global", 
                                    "InstanceEbsDeleteOnTermination"
                                ]
                            }, 
                            "VolumeType": {
                                "Fn::FindInMap": [
                                    "VariableMap", 
                                    "global", 
                                    "InstanceEbsVolumeType"
                                ]
                            }
                        }
                    }
                ],
                "Tags" : [
                    {"Key" : "Name", "Value" : {
                        "Fn::Join": [
                            "-", 
                            [
                                {
                                    "Fn::FindInMap": [
                                        "VariableMap", 
                                        "global", 
                                        "LoadCoreVersion"
                                    ]
                                },
                                "Agent1"
                            ]
                        ] }},
                    {"Key": "Owner", "Value": {"Ref": "UserEmail"}}
                ],
                "UserData": { "Fn::Base64" : { "Fn::Join" : ["", [
                    "#!/bin/bash\n",
                    { "Fn::Sub": ["/bin/bash /home/ixia/agent-setup.sh ${ClusterDeployment.PrivateIp} ${MgmtAgentInterfaceName} ${TestAgentInterfaceName} y", { "MgmtAgentInterfaceName": {"Fn::FindInMap": [ "VariableMap", "global", "MgmtAgentInterfaceName" ]}, "TestAgentInterfaceName": {"Fn::FindInMap": [ "VariableMap", "global", "TestAgentInterfaceName" ]}} ]}, "\n"
                ]]}
                }
            }
        },
        "Agent2Deployment": {
            "Type": "AWS::EC2::Instance", 
            "Properties": {
                "KeyName": {
                    "Ref": "KeyPair"
                },
                "ImageId": {
                    "Fn::FindInMap": [
                        "RegionMap", 
                        {
                            "Ref": "AWS::Region"
                        }, 
                        "AMIAgent"
                    ]
                }, 
                "InstanceType": {
                    "Ref": "AgentsInstanceType"
                }, 
                "NetworkInterfaces": [
                    {
                        "NetworkInterfaceId": {
                            "Ref": "Agent2MgmtNet"
                        }, 
                        "DeviceIndex": "0"
                    },
                    {
                        "NetworkInterfaceId": {
                            "Ref": "Agent2TestNet"
                        }, 
                        "DeviceIndex": "1"
                    }
                ], 
                "BlockDeviceMappings": [
                    {
                        "DeviceName": {
                            "Fn::FindInMap": [
                                "VariableMap", 
                                "global", 
                                "InstanceBlockDeviceName"
                            ]
                        }, 
                        "Ebs": {
                            "DeleteOnTermination": {
                                "Fn::FindInMap": [
                                    "VariableMap", 
                                    "global", 
                                    "InstanceEbsDeleteOnTermination"
                                ]
                            }, 
                            "VolumeType": {
                                "Fn::FindInMap": [
                                    "VariableMap", 
                                    "global", 
                                    "InstanceEbsVolumeType"
                                ]
                            }
                        }
                    }
                ],
                "Tags" : [
                    {"Key" : "Name", "Value" : {
                        "Fn::Join": [
                            "-", 
                            [
                                {
                                    "Fn::FindInMap": [
                                        "VariableMap", 
                                        "global", 
                                        "LoadCoreVersion"
                                    ]
                                },
                                "Agent2"
                            ]
                        ] }},
                    {"Key": "Owner", "Value": {"Ref": "UserEmail"}}
                ],
                "UserData": { "Fn::Base64" : { "Fn::Join" : ["", [
                    "#!/bin/bash\n",
                    { "Fn::Sub": ["/bin/bash /home/ixia/agent-setup.sh ${ClusterDeployment.PrivateIp} ${MgmtAgentInterfaceName} ${TestAgentInterfaceName} y", { "MgmtAgentInterfaceName": {"Fn::FindInMap": [ "VariableMap", "global", "MgmtAgentInterfaceName" ]}, "TestAgentInterfaceName": {"Fn::FindInMap": [ "VariableMap", "global", "TestAgentInterfaceName" ]}} ]}, "\n"
                ]]}
                }
            }
        }

    },
    "Metadata": {
        "AWS::CloudFormation::Interface": {
            "ParameterGroups": [
                {
                    "Label": {
                        "default": "User Configuration"
                    }, 
                    "Parameters": [
                        "UserEmail"
                    ]
                },
                {
                    "Label": {
                        "default": "EC2 Configuration"
                    }, 
                    "Parameters": [
                        "ClusterInstanceType", 
                        "AgentsInstanceType",
                        "KeyPair"
                    ]
                }, 
                {
                    "Label": {
                        "default": "Network Configuration"
                    }, 
                    "Parameters": [
                        "MgmtSubnet",
                        "TestSubnet",
                        "SecurityGroupForMgmt",
                        "SecurityGroupForTest"
                    ]
                }
            ], 
            "ParameterLabels": {
                "UserEmail": {
                    "default": "User email" 
                },
                "ClusterInstanceType": {
                    "default": "Instance type of LoadCore MW"
                }, 
                "AgentsInstanceType": {
                    "default": "Instance type of LoadCore Agents"
                },
                "KeyPair": {
                    "default": "Key Name"
                }, 
                "MgmtSubnet": {
                    "default": "Management Subnet"
                },  
                "TestSubnet": {
                    "default": "Test Subnet"
                },
                "SecurityGroupForMgmt": {
                    "default": "Security group for management subnet"
                }, 
                "SecurityGroupForTest": {
                    "default": "Security group for test subnet"
                }
            }
        }
    },
    "Parameters": {
        "UserEmail": {
            "Description": "Email address of user creating the stack", 
            "Type": "String"
        }, 
        "ClusterInstanceType": {
            "Description": "Supported instance types", 
            "Type": "String", 
            "AllowedValues": [ 
                "c5.9xlarge", 
                "c5.4xlarge", 
                "c5.2xlarge", 
                "c4.8xlarge", 
                "c4.4xlarge", 
                "c4.2xlarge", 
                "m5.xlarge",
                "t2.2xlarge"
            ], 
            "Default": "c4.2xlarge"
        },
        "AgentsInstanceType": {
            "Description": "Supported instance types", 
            "Type": "String", 
            "AllowedValues": [ 
                "c5.9xlarge", 
                "c5.4xlarge", 
                "c5.2xlarge", 
                "c5.xlarge", 
                "c4.8xlarge", 
                "c4.4xlarge", 
                "c4.2xlarge", 
                "c4.xlarge", 
                "m5.xlarge",
                "t2.xlarge"
            ], 
            "Default": "c5.2xlarge"
        },
        "MgmtSubnet" : {
            "Description" : "Subnet IDs",
            "Type" : "AWS::EC2::Subnet::Id"
        },
        "TestSubnet" : {
            "Description" : "Subnet IDs",
            "Type" : "AWS::EC2::Subnet::Id"
        },
        "SecurityGroupForMgmt" : {
            "Description" : "SG IDs",
            "Type" : "AWS::EC2::SecurityGroup::Id"
        },
        "SecurityGroupForTest" : {
            "Description" : "SG IDs",
            "Type" : "AWS::EC2::SecurityGroup::Id"
        },
        "KeyPair" : {
            "Description" : "Name of the existing EC2 Key Pair",
            "Type" : "AWS::EC2::KeyPair::KeyName"
        }
    }
}